{
    "name": "root",
    "metadata": {
        "timer_format_version": "0.1.0",
        "start_time_seconds": "1652017418",
        "python_version": "3.9.7 (default, Sep 16 2021, 16:59:28) [MSC v.1916 64 bit (AMD64)]",
        "command_line_arguments": "D:\\Evert\\Programs\\miniconda3\\Scripts\\mlagents-learn config/BattleshipCameraAgent.yaml --run-id battleshipCameraAgent",
        "mlagents_version": "0.28.0",
        "mlagents_envs_version": "0.28.0",
        "communication_protocol_version": "1.5.0",
        "pytorch_version": "1.7.1+cu110",
        "numpy_version": "1.22.3",
        "end_time_seconds": "1652028276"
    },
    "total": 10857.8635076,
    "count": 1,
    "self": 0.008266799999546492,
    "children": {
        "run_training.setup": {
            "total": 0.14001509999999984,
            "count": 1,
            "self": 0.14001509999999984
        },
        "TrainerController.start_learning": {
            "total": 10857.7152257,
            "count": 1,
            "self": 9.35321169987219,
            "children": {
                "TrainerController._reset_env": {
                    "total": 6.246728900000001,
                    "count": 1,
                    "self": 6.246728900000001
                },
                "TrainerController.advance": {
                    "total": 10841.955768000127,
                    "count": 339909,
                    "self": 4.795193799658591,
                    "children": {
                        "env_step": {
                            "total": 10837.160574200469,
                            "count": 339909,
                            "self": 8713.85005720051,
                            "children": {
                                "SubprocessEnvManager._take_step": {
                                    "total": 2116.0651084999763,
                                    "count": 339909,
                                    "self": 22.275429900287236,
                                    "children": {
                                        "TorchPolicy.evaluate": {
                                            "total": 2093.789678599689,
                                            "count": 338834,
                                            "self": 462.12740149955766,
                                            "children": {
                                                "TorchPolicy.sample_actions": {
                                                    "total": 1631.6622771001314,
                                                    "count": 338834,
                                                    "self": 1631.6622771001314
                                                }
                                            }
                                        }
                                    }
                                },
                                "workers": {
                                    "total": 7.2454084999818225,
                                    "count": 339908,
                                    "self": 0.0,
                                    "children": {
                                        "worker_root": {
                                            "total": 10836.9961732002,
                                            "count": 339908,
                                            "is_parallel": true,
                                            "self": 2842.9071739000883,
                                            "children": {
                                                "steps_from_proto": {
                                                    "total": 0.020512700000000272,
                                                    "count": 1,
                                                    "is_parallel": true,
                                                    "self": 0.0002326000000003603,
                                                    "children": {
                                                        "_process_maybe_compressed_observation": {
                                                            "total": 0.020184800000000003,
                                                            "count": 2,
                                                            "is_parallel": true,
                                                            "self": 0.00010529999999953077,
                                                            "children": {
                                                                "_observation_to_np_array": {
                                                                    "total": 0.020079500000000472,
                                                                    "count": 9,
                                                                    "is_parallel": true,
                                                                    "self": 0.0001525999999998362,
                                                                    "children": {
                                                                        "process_pixels": {
                                                                            "total": 0.019926900000000636,
                                                                            "count": 9,
                                                                            "is_parallel": true,
                                                                            "self": 0.0008129000000005604,
                                                                            "children": {
                                                                                "image_decompress": {
                                                                                    "total": 0.019114000000000075,
                                                                                    "count": 9,
                                                                                    "is_parallel": true,
                                                                                    "self": 0.019114000000000075
                                                                                }
                                                                            }
                                                                        }
                                                                    }
                                                                }
                                                            }
                                                        },
                                                        "_process_rank_one_or_two_observation": {
                                                            "total": 9.529999999990935e-05,
                                                            "count": 2,
                                                            "is_parallel": true,
                                                            "self": 9.529999999990935e-05
                                                        }
                                                    }
                                                },
                                                "UnityEnvironment.step": {
                                                    "total": 7994.068486600111,
                                                    "count": 339908,
                                                    "is_parallel": true,
                                                    "self": 51.13310309999633,
                                                    "children": {
                                                        "UnityEnvironment._generate_step_input": {
                                                            "total": 63.628805799556034,
                                                            "count": 339908,
                                                            "is_parallel": true,